<?xml version="1.0" encoding="UTF-8"?>
    <addon id="PLUGINSXBMC" name="PRUEBA" version="0.1.1" provider-name="LASER">
        <requires>
            <import addon="xbmc.addon" version="12.0.0"/>
        </requires>
        <extension point="xbmc.addon.repository" name="PRUEBA">
            <info compressed="false">https://raw.githubusercontent.com/Laser78/PLUGINSXBMC/master/_repo/addons.xml</info>
            <checksum>https://raw.githubusercontent.com/Laser78/PLUGINSXBMC/master/_repo/addons.xml.md5</checksum>
            <datadir zip="true">https://raw.githubusercontent.com/Laser78/PLUGINSXBMC/master/_repo/</datadir>
            <hashes>false</hashes>
        </extension>
        <extension point="xbmc.addon.metadata">
            <summary>Repositorio Oficial de PLUGINSXBMC</summary>
            <description></description>
            <platform>all</platform>
    </extension>
</addon>