<?xml version="1.0" encoding="UTF-8" standalone="yes"?>
<addon id="plugin.video.xbmctools" name="KODI tools" version="1.3.0" provider-name="dcatx">
  <requires>
    <import addon="xbmc.python" version="2.1.0"/>
  </requires>
  <extension point="xbmc.python.pluginsource" library="addon.py">
    <provides>executable</provides>
	</extension>
	<extension point="xbmc.service" library="service.py" start="startup">
    </extension>
  <extension point="xbmc.addon.metadata">
    <language>en</language>
    <platform>all</platform>
    <summary lang="en">Actualizador de Librerias</summary>
    <description lang="en">Herramientas para actualizar las Libtmp.dll </description>
    <platform>all</platform>
  </extension>
</addon>
